Qty,Comps,Description
3,C9-10;C43,CAP SM 1210 100U 6V3 20% X5R
4,C4;C6;C31-32,22UF 25V MLCC 10% X5R 1210
22,C2;C5;C7-8;C11;C14-17;C19-20;C22-23;C25;C27-28;C30;C33-34;C39;C41;C49,"CAP SMD CER 0.1uF +80-20% 50V 0603 Z5U ""ROHS""""AVX"""
9,C1;C18;C29;C40;C42;C44-47,"CAP CER SMD 0.01UF +80-20% 25V 0603 Z5U ""AVX"""
4,C35-38,CAPACITOR MULTILAYER X7R 0603  1N0 10% 50V
2,C3;C48,"CAP SMD CER 220PF 5% 50V 0603 COG/NPO ""ROHS""""AVX"""
5,C12-13;C21;C24;C26,CAP MULTILAYER X5R 0603 4U7 6.3V 10%
1,CN1,"DC JACK 2.0MM ""JYE TAI"" DJ-0702-020"
1,CN3,4 WAY WAFER - 2MM PITCH
2,CN5A;CN5B,"CN MTHD 4 WAY .1"" VERT HDR"
1,CN2,"CONN RJ45 1000BT W/MAGNETICS GRN & YEL LED ""HALO"" HFJ11-1G41E-L12RL"
1,J1,CONN BED OF NAILS 10W TAG-CONNECT TC2050-IDC-FP
1,CN4,"CN R/A USB ""HAOYU"" USB-109 OR ""SHOGYO"" A/073/08"
6,D1;D3-7,"DIODE SCHOTTKY RB160M-30 1A 30V SOD123 ""ROHM"" RB160M-30"
1,D2,"DIODE SOT23-6 ESD PROTECTION ""SEMTECH"" RCLAMP0504S.TCT"
2,ENC1-2,"ENCODER ALPS 11mm VERT 15 PULSE NO SWITCH ""Alps"" EC11E15204A3"
8,ZFIX1-8,FIXING HOLE 2.4mm
8,ZFIX9-16,FIXING HOLE M3.5 NON-PLATED THROUGH
1,U7,"IC 24LC64 SO8 8K BYTE SERIAL EPROM ""ROHS"" ""ST"" M24C64-WMN6P"
1,U1,IC 74HC244 OCTAL BUFFER SO20
1,U5,"IC IMP811TEUS/T SOT-143 3.08V SUPPLY MON ""DAILY SILVER IMP"" IMP811TEUS/T"
1,U6,"KSZ8091RNA QFN24 4X4 ENET PHY 100MBIT ""MICREL"" KSZ8091RNACA"
1,U4,"IC 3V3 OSC 25MHZ 25PPM SMT ""FOX"" 767-25-92"
1,U3,"STM32F207VET6 LQFP100 CORTEX-M3 MICRO ""ST"" STM32F207VET6"
1,L4,"INDUCTOR 2.2UH SMD 1210 20% 0.9A ""TAIYO YUDEN"" LBC3225T2R2M"
1,L3,"INDUCTOR CHOKE SMD USB 280MA COMMON MODE 0805 ROHS ""MURATA"" DLW21HN121SQ2"
1,L1,"INDUCTOR CHOKE SMD 1.5A COMMON MODE 2020 ROHS ""MURATA"" DLW5BTN142SQ2"
1,L2,"INDUCTOR SOLID FERRITE SMD 0603 1KOHM 0.2A""ROHS"" ""TAIYO YUDEN"" BK1608TS102"
1,LD100,LED BLOCK CLARETT 8 PRE 10x6 MB1142
24,LD4-6;LD10-12;LD16-18;LD22-24;LD28-30;LD34-36;LD40-42;LD46-48,"LED GREEN 5X2MM ""KINGBRIGHT"" L-113-GDT"
8,LD1;LD7;LD13;LD19;LD25;LD31;LD37;LD43,"LED RED 5X2MM ""KINGBRIGHT"" L-113-IDT"
16,LD2-3;LD8-9;LD14-15;LD20-21;LD26-27;LD32-33;LD38-39;LD44-45,"LED YELLOW 5X2MM ""KINGBRIGHT"" L-113-YDT"
1,LD51,"LED SMD 0805 GRN ""ROHS"" ""EVERLIGHT"" 17-21SYGC/S530-E2/TR8"
1,LD52,"LED GRN D=2MM ""BRIGHT LED"" BL-C38I/G-S36W-197-TBS31A"
2,LD49-50,"LED RED D=2MM ""BRIGHT LED"" BL-C38I/I-S36W-197-TBS28A"
1,LD53,"LED YEL D=2MM ""BRIGHT LED"" BL-C38I/Y-S36W-197-TBS31A"
10,R1;R3;R12;R23;R34;R39;R45;R56;R67;R77,RESISTOR CHIP 0603 100R 1% 1/16TH WATT
30,R9-11;R13-18;R24-25;R27-28;R40;R46;R48;R55;R57-62;R65-66;R68;R71-73;R80,RESISTOR CHIP 0603 10K 1% 1/16TH WATT
1,R2,RESISTOR CHIP 0603 10R 1% 1/16TH WATT
11,R47;R49-51;R54;R63-64;R69-70;R79;R82,RESISTOR CHIP 0603 1K 1% 1/16TH WATT
2,R20;R44,RESISTOR CHIP 0603 1K3 1% 1/16TH WATT
1,R81,RESISTOR CHIP 0603 1M 1% 1/16TH WATT
2,R52-53,RESISTOR CHIP 0603 220R 1% 1/16TH WATT
1,R19,RESISTOR CHIP 0603 30K 1% 1/16TH WATT
2,R21-22,RESISTOR CHIP 0603 33R 1% 1/16TH WATT
1,R43,RESISTOR CHIP 0603 430R 1% 1/16TH WATT
1,R78,RESISTOR CHIP 0603 43K 1% 1/16TH WATT
2,R4-5,RESISTOR CHIP 0603 43R 1% 1/16TH WATT
8,R35-36;R38;R41-42;R74-76,RESISTOR CHIP 0603 4K7 1% 1/16TH WATT
1,R83,RESISTOR CHIP 0603 510R 1% 1/16TH WATT
1,R26,RESISTOR CHIP 0603 680R 1% 1/16TH WATT
1,R29,RESISTOR CHIP 0603 6.49K 1% 1/16TH WATT
3,R6-8,RESISTOR CHIP 0603 75R 1% 1/16TH WATT
5,R30-33;R37,RES NOT FITTED 0603
1,U8,"IC LM317 TO-220 ADJ POS VOLT REG ""N.S"" LM317T"
1,U2,"IC NCP3170B SOIC8 3A BUCK REG 1MHZ ""ON"" NCP3170BDR2G"
2,RL1-2,"DPST 5V ST SERIES 8A 250VAC ""PANASONIC"" ST2-DC5V-F"
8,S1-8,"SWITCH 2POLE 1 THROW PUSH VERT WITH RED LED ""TACLEX"" PS004-N22NPS3XTURXX"
1,S9,SWITCH ALPS VERTICAL TACT 50mA ROUND SKQNAED010
6,TP1-5;ZTP32,HOOP-PIN TESTPOINT
2,TR9-10,"TRANS 2N7002 SOT-23 FET N-CHAN ENHANCEMENT MODE ""PHILIPS"" 2N7002"
8,TR1-8,"TRANS PMV32UP SOT-23 P-MOSFET 20V 4A 32mOhm ""NXP"" PMV32UP"
6,ZF1-6,FIDUCIAL
